Technique ID,Technique Name,Difficulty Level,Common Mistakes,Time to Proficiency (hours),Video Replays,Success Rate
TCH001,Knife Skills - Julienne,Medium,Uneven cuts,8,156,82%
TCH002,Sauce - Hollandaise,Hard,Breaking emulsion,12,203,68%
TCH003,Pastry - Lamination,Very Hard,Butter leakage,20,287,55%
TCH004,Meat - Searing,Easy,Overcrowding pan,4,89,91%
TCH005,Fish - Filleting,Medium,Bone fragments,10,178,75%
TCH006,Vegetables - Brunoise,Medium,Size inconsistency,6,134,85%
TCH007,Bread - Kneading,Medium,Over/under development,8,167,79%
TCH008,Chocolate - Tempering,Hard,Temperature control,15,245,62%
TCH009,Eggs - Poaching,Easy,Water temperature,3,67,88%
TCH010,Stocks - Clarification,Medium,Cloudy result,7,145,81%
TCH011,Pasta - Fresh Making,Medium,Texture issues,9,189,77%
TCH012,Grilling - Temperature,Easy,Hot spots,2,45,93%
TCH013,Roasting - Timing,Medium,Doneness errors,5,112,84%
TCH014,Braising - Liquid ratio,Medium,Dry/soggy results,6,128,80%
TCH015,Frying - Oil temperature,Easy,Greasy food,3,78,89%
